url	encodedUrl	status	finalUrl	contentType	canonical	robots	title	h1	error
https://souz-home.ru/robots.txt	https://souz-home.ru/robots.txt	200	https://souz-home.ru/robots.txt	text/plain					
https://souz-home.ru/sitemap.xml	https://souz-home.ru/sitemap.xml	404	https://souz-home.ru/sitemap.xml	text/html	https://souz-home.ru/404/	noindex, nofollow	Страница не найдена — Союз Застройщиков	Страница не найдена	
https://souz-home.ru/prodat/	https://souz-home.ru/prodat/	404	https://souz-home.ru/prodat/	text/html	https://souz-home.ru/404/	noindex, nofollow	Страница не найдена — Союз Застройщиков	Страница не найдена	
https://souz-home.ru/sdat/	https://souz-home.ru/sdat/	404	https://souz-home.ru/sdat/	text/html	https://souz-home.ru/404/	noindex, nofollow	Страница не найдена — Союз Застройщиков	Страница не найдена	
https://souz-home.ru/uslugi/	https://souz-home.ru/uslugi/	404	https://souz-home.ru/uslugi/	text/html	https://souz-home.ru/404/	noindex, nofollow	Страница не найдена — Союз Застройщиков	Страница не найдена	
https://souz-home.ru/nedvizhimost/	https://souz-home.ru/nedvizhimost/	404	https://souz-home.ru/nedvizhimost/	text/html	https://souz-home.ru/404/	noindex, nofollow	Страница не найдена — Союз Застройщиков	Страница не найдена	
https://souz-home.ru/obekty/	https://souz-home.ru/obekty/	404	https://souz-home.ru/obekty/	text/html	https://souz-home.ru/404/	noindex, nofollow	Страница не найдена — Союз Застройщиков	Страница не найдена	
https://souz-home.ru/sotrudniki/	https://souz-home.ru/sotrudniki/	404	https://souz-home.ru/sotrudniki/	text/html	https://souz-home.ru/404/	noindex, nofollow	Страница не найдена — Союз Застройщиков	Страница не найдена	
https://souz-home.ru/otzyvy/	https://souz-home.ru/otzyvy/	404	https://souz-home.ru/otzyvy/	text/html	https://souz-home.ru/404/	noindex, nofollow	Страница не найдена — Союз Застройщиков	Страница не найдена	
https://souz-home.ru/semeinaya-ipoteka/	https://souz-home.ru/semeinaya-ipoteka/	404	https://souz-home.ru/semeinaya-ipoteka/	text/html	https://souz-home.ru/404/	noindex, nofollow	Страница не найдена — Союз Застройщиков	Страница не найдена	
https://souz-home.ru/ipoteka/semeynaya/	https://souz-home.ru/ipoteka/semeynaya/	404	https://souz-home.ru/ipoteka/semeynaya/	text/html	https://souz-home.ru/404/	noindex, nofollow	Страница не найдена — Союз Застройщиков	Страница не найдена	
https://souz-home.ru/	https://souz-home.ru/	200	https://souz-home.ru/	text/html	https://souz-home.ru/	index, follow	Союз Застройщиков Ростов: квартиры, дома, ипотека	Проверенная недвижимость в Ростове-на-Дону	
https://souz-home.ru/about/	https://souz-home.ru/about/	200	https://souz-home.ru/about/	text/html	https://souz-home.ru/about/	index, follow	Союз Застройщиков в Ростове: кодекс, команда, реквизиты	Кодекс интересов клиента при подборе жилья в Ростове	
https://souz-home.ru/contacts/	https://souz-home.ru/contacts/	200	https://souz-home.ru/contacts/	text/html	https://souz-home.ru/contacts/	index, follow	Контакты Союза Застройщиков в Ростове-на-Дону	Контакты Союза Застройщиков в Ростове-на-Дону	
https://souz-home.ru/cookies/	https://souz-home.ru/cookies/	200	https://souz-home.ru/cookies/	text/html	https://souz-home.ru/cookies/	index, follow	Правила использования cookie - Союз Застройщиков	Правила использования файлов cookie	
https://souz-home.ru/ipoteka/	https://souz-home.ru/ipoteka/	200	https://souz-home.ru/ipoteka/	text/html	https://souz-home.ru/ipoteka/	index, follow	Ипотека в Ростове: одобрение, расчёт, отказ банка	Разберём ипотеку на квартиру или дом до подачи в банк	
https://souz-home.ru/journal/	https://souz-home.ru/journal/	200	https://souz-home.ru/journal/	text/html	https://souz-home.ru/journal/	index, follow	Журнал о недвижимости Ростова: квартиры, дома, ипотека	Как выбирать квартиру, дом и ипотеку в Ростове	
https://souz-home.ru/journal/2/	https://souz-home.ru/journal/2/	200	https://souz-home.ru/journal/2/	text/html	https://souz-home.ru/journal/2/	index, follow	Союз Журнал — страница 2: статьи о недвижимости	Как выбирать квартиру, дом и ипотеку в Ростове	
https://souz-home.ru/journal/category/dokumenty-i-sdelka/	https://souz-home.ru/journal/category/dokumenty-i-sdelka/	200	https://souz-home.ru/journal/category/dokumenty-i-sdelka/	text/html	https://souz-home.ru/journal/category/dokumenty-i-sdelka/	index, follow	Документы и сделка в Ростове — статьи и разборы Союз Журнала	Рубрика журнала: Документы и сделка	
https://souz-home.ru/journal/category/gotovye-kvartiry/	https://souz-home.ru/journal/category/gotovye-kvartiry/	200	https://souz-home.ru/journal/category/gotovye-kvartiry/	text/html	https://souz-home.ru/journal/category/gotovye-kvartiry/	index, follow	Готовые квартиры в Ростове — статьи и разборы Союз Журнала	Рубрика журнала: Готовые квартиры	
https://souz-home.ru/journal/category/ipoteka/	https://souz-home.ru/journal/category/ipoteka/	200	https://souz-home.ru/journal/category/ipoteka/	text/html	https://souz-home.ru/journal/category/ipoteka/	index, follow	Ипотека в Ростове — статьи и разборы Союз Журнала	Рубрика журнала: Ипотека	
https://souz-home.ru/journal/category/novostroyki/	https://souz-home.ru/journal/category/novostroyki/	200	https://souz-home.ru/journal/category/novostroyki/	text/html	https://souz-home.ru/journal/category/novostroyki/	index, follow	Новостройки в Ростове — статьи и разборы Союз Журнала	Рубрика журнала: Новостройки	
https://souz-home.ru/journal/category/rayony-rostova/	https://souz-home.ru/journal/category/rayony-rostova/	200	https://souz-home.ru/journal/category/rayony-rostova/	text/html	https://souz-home.ru/journal/category/rayony-rostova/	index, follow	Районы Ростова — статьи и разборы Союз Журнала	Рубрика журнала: Районы Ростова	
https://souz-home.ru/journal/category/rynok-i-vybor/	https://souz-home.ru/journal/category/rynok-i-vybor/	200	https://souz-home.ru/journal/category/rynok-i-vybor/	text/html	https://souz-home.ru/journal/category/rynok-i-vybor/	index, follow	Рынок и выбор в Ростове — статьи и разборы Союз Журнала	Рубрика журнала: Рынок и выбор	
https://souz-home.ru/journal/category/stroitelstvo-domov/	https://souz-home.ru/journal/category/stroitelstvo-domov/	200	https://souz-home.ru/journal/category/stroitelstvo-domov/	text/html	https://souz-home.ru/journal/category/stroitelstvo-domov/	index, follow	Строительство домов в Ростове — статьи Союз Журнала	Рубрика журнала: Строительство домов	
https://souz-home.ru/journal/category/uchastki-i-zemlya/	https://souz-home.ru/journal/category/uchastki-i-zemlya/	200	https://souz-home.ru/journal/category/uchastki-i-zemlya/	text/html	https://souz-home.ru/journal/category/uchastki-i-zemlya/	index, follow	Участки и земля в Ростове — статьи и разборы Союз Журнала	Рубрика журнала: Участки и земля	
https://souz-home.ru/journal/chto-vliyaet-na-vybor-nedvizhimosti/	https://souz-home.ru/journal/chto-vliyaet-na-vybor-nedvizhimosti/	200	https://souz-home.ru/journal/chto-vliyaet-na-vybor-nedvizhimosti/	text/html	https://souz-home.ru/journal/chto-vliyaet-na-vybor-nedvizhimosti/	index, follow	Как не купить квартиру в Ростове, глядя только на цену	Как не купить квартиру в Ростове, глядя только на цену	
https://souz-home.ru/journal/kak-proverit-kvartiru-vo-vtorichke/	https://souz-home.ru/journal/kak-proverit-kvartiru-vo-vtorichke/	200	https://souz-home.ru/journal/kak-proverit-kvartiru-vo-vtorichke/	text/html	https://souz-home.ru/journal/kak-proverit-kvartiru-vo-vtorichke/	index, follow	Как проверить квартиру во вторичке перед покупкой	Как проверить квартиру во вторичке перед покупкой	
https://souz-home.ru/journal/kak-vybrat-novostroyku-v-rostove/	https://souz-home.ru/journal/kak-vybrat-novostroyku-v-rostove/	200	https://souz-home.ru/journal/kak-vybrat-novostroyku-v-rostove/	text/html	https://souz-home.ru/journal/kak-vybrat-novostroyku-v-rostove/	index, follow	Как выбрать новостройку в Ростове: район, срок, застройщик	Как выбрать новостройку в Ростове: район, срок, застройщик	
https://souz-home.ru/journal/kak-vybrat-raion-rostova/	https://souz-home.ru/journal/kak-vybrat-raion-rostova/	200	https://souz-home.ru/journal/kak-vybrat-raion-rostova/	text/html	https://souz-home.ru/journal/kak-vybrat-raion-rostova/	index, follow	Какой район Ростова подойдёт именно вам: чек-лист	Какой район Ростова подойдёт именно вам: чек-лист	
https://souz-home.ru/journal/kak-vybrat-uchastok-pod-stroitelstvo/	https://souz-home.ru/journal/kak-vybrat-uchastok-pod-stroitelstvo/	200	https://souz-home.ru/journal/kak-vybrat-uchastok-pod-stroitelstvo/	text/html	https://souz-home.ru/journal/kak-vybrat-uchastok-pod-stroitelstvo/	index, follow	Как выбрать участок под дом в Ростове: 7 проверок	Как выбрать участок под дом в Ростове: 7 проверок	
https://souz-home.ru/journal/kakie-dokumenty-proverit-pered-pokupkoy/	https://souz-home.ru/journal/kakie-dokumenty-proverit-pered-pokupkoy/	200	https://souz-home.ru/journal/kakie-dokumenty-proverit-pered-pokupkoy/	text/html	https://souz-home.ru/journal/kakie-dokumenty-proverit-pered-pokupkoy/	index, follow	Какие документы проверить перед покупкой квартиры	Какие документы проверить перед покупкой квартиры	
https://souz-home.ru/journal/kvartira-ili-dom-byudzhet-i-sroki/	https://souz-home.ru/journal/kvartira-ili-dom-byudzhet-i-sroki/	200	https://souz-home.ru/journal/kvartira-ili-dom-byudzhet-i-sroki/	text/html	https://souz-home.ru/journal/kvartira-ili-dom-byudzhet-i-sroki/	index, follow	Квартира или дом в Ростове: что выгоднее с ипотекой	Квартира или дом в Ростове: что выгоднее с ипотекой	
https://souz-home.ru/journal/s-chego-nachat-ipoteku/	https://souz-home.ru/journal/s-chego-nachat-ipoteku/	200	https://souz-home.ru/journal/s-chego-nachat-ipoteku/	text/html	https://souz-home.ru/journal/s-chego-nachat-ipoteku/	index, follow	Ипотека в Ростове: платёж, лимит, первый взнос	Ипотека в Ростове: платёж, лимит, первый взнос	
https://souz-home.ru/kvartiry-rostova/	https://souz-home.ru/kvartiry-rostova/	200	https://souz-home.ru/kvartiry-rostova/	text/html	https://souz-home.ru/kvartiry-rostova/	index, follow	Купить квартиру в Ростове: вторичка, подбор, ипотека	Купить квартиру в Ростове-на-Дону: подбор из закрытой базы агентства	
https://souz-home.ru/kvartiry-rostova/kv-1042-centr-2-komnatnaya-kvartira-ryadom-s-pushkinskoy/	https://souz-home.ru/kvartiry-rostova/kv-1042-centr-2-komnatnaya-kvartira-ryadom-s-pushkinskoy/	200	https://souz-home.ru/kvartiry-rostova/kv-1042-centr-2-komnatnaya-kvartira-ryadom-s-pushkinskoy/	text/html	https://souz-home.ru/kvartiry-rostova/kv-1042-centr-2-komnatnaya-kvartira-ryadom-s-pushkinskoy/	index, follow	Купить 2 комн. квартиру 58 м², Центр — 9 850 000 ₽	2 комн., 58 м², 6 / 10 этаж	
https://souz-home.ru/kvartiry-rostova/kv-1043-levencovka-1-komnatnaya-kvartira-v-levencovke/	https://souz-home.ru/kvartiry-rostova/kv-1043-levencovka-1-komnatnaya-kvartira-v-levencovke/	200	https://souz-home.ru/kvartiry-rostova/kv-1043-levencovka-1-komnatnaya-kvartira-v-levencovke/	text/html	https://souz-home.ru/kvartiry-rostova/kv-1043-levencovka-1-komnatnaya-kvartira-v-levencovke/	index, follow	Купить 1 комн. квартиру 39 м², Левенцовка — 5 950 000 ₽	1 комн., 39 м², 9 / 18 этаж	
https://souz-home.ru/kvartiry-rostova/kv-1044-severnyy-3-komnatnaya-kvartira-dlya-semi-na-severnom/	https://souz-home.ru/kvartiry-rostova/kv-1044-severnyy-3-komnatnaya-kvartira-dlya-semi-na-severnom/	200	https://souz-home.ru/kvartiry-rostova/kv-1044-severnyy-3-komnatnaya-kvartira-dlya-semi-na-severnom/	text/html	https://souz-home.ru/kvartiry-rostova/kv-1044-severnyy-3-komnatnaya-kvartira-dlya-semi-na-severnom/	index, follow	Купить 3 комн. квартиру 72 м², Северный — 8 700 000 ₽	3 комн., 72 м², 5 / 12 этаж	
https://souz-home.ru/kvartiry-rostova/kv-1045-zapadnyy-studiya-s-remontom-v-zapadnom/	https://souz-home.ru/kvartiry-rostova/kv-1045-zapadnyy-studiya-s-remontom-v-zapadnom/	200	https://souz-home.ru/kvartiry-rostova/kv-1045-zapadnyy-studiya-s-remontom-v-zapadnom/	text/html	https://souz-home.ru/kvartiry-rostova/kv-1045-zapadnyy-studiya-s-remontom-v-zapadnom/	index, follow	Купить студию 27 м², Западный — 4 200 000 ₽	Студия, 27 м², 12 / 19 этаж	
https://souz-home.ru/kvartiry-rostova/kv-1046-nahichevan-2-komnatnaya-kvartira-v-nahichevani/	https://souz-home.ru/kvartiry-rostova/kv-1046-nahichevan-2-komnatnaya-kvartira-v-nahichevani/	200	https://souz-home.ru/kvartiry-rostova/kv-1046-nahichevan-2-komnatnaya-kvartira-v-nahichevani/	text/html	https://souz-home.ru/kvartiry-rostova/kv-1046-nahichevan-2-komnatnaya-kvartira-v-nahichevani/	index, follow	Купить 2 комн. квартиру 53 м², Нахичевань — 7 450 000 ₽	2 комн., 53 м², 4 / 9 этаж	
https://souz-home.ru/kvartiry-rostova/kv-1047-selmash-1-komnatnaya-kvartira-u-parka-ostrovskogo/	https://souz-home.ru/kvartiry-rostova/kv-1047-selmash-1-komnatnaya-kvartira-u-parka-ostrovskogo/	200	https://souz-home.ru/kvartiry-rostova/kv-1047-selmash-1-komnatnaya-kvartira-u-parka-ostrovskogo/	text/html	https://souz-home.ru/kvartiry-rostova/kv-1047-selmash-1-komnatnaya-kvartira-u-parka-ostrovskogo/	index, follow	Купить 1 комн. квартиру 35 м², Сельмаш — 4 950 000 ₽	1 комн., 35 м², 3 / 9 этаж	
https://souz-home.ru/kvartiry-rostova/kv-1048-aleksandrovka-3-komnatnaya-kvartira-v-aleksandrovke/	https://souz-home.ru/kvartiry-rostova/kv-1048-aleksandrovka-3-komnatnaya-kvartira-v-aleksandrovke/	200	https://souz-home.ru/kvartiry-rostova/kv-1048-aleksandrovka-3-komnatnaya-kvartira-v-aleksandrovke/	text/html	https://souz-home.ru/kvartiry-rostova/kv-1048-aleksandrovka-3-komnatnaya-kvartira-v-aleksandrovke/	index, follow	Купить 3 комн. квартиру 68 м², Александровка — 7 900 000 ₽	3 комн., 68 м², 7 / 10 этаж	
https://souz-home.ru/kvartiry-rostova/kv-1049-veresaevo-2-komnatnaya-kvartira-v-veresaevo/	https://souz-home.ru/kvartiry-rostova/kv-1049-veresaevo-2-komnatnaya-kvartira-v-veresaevo/	200	https://souz-home.ru/kvartiry-rostova/kv-1049-veresaevo-2-komnatnaya-kvartira-v-veresaevo/	text/html	https://souz-home.ru/kvartiry-rostova/kv-1049-veresaevo-2-komnatnaya-kvartira-v-veresaevo/	index, follow	Купить 2 комн. квартиру 56 м², Вересаево — 8 300 000 ₽	2 комн., 56 м², 10 / 20 этаж	
https://souz-home.ru/kvartiry-rostova/kv-1050-centr-4-komnatnaya-kvartira-v-tihom-centre/	https://souz-home.ru/kvartiry-rostova/kv-1050-centr-4-komnatnaya-kvartira-v-tihom-centre/	200	https://souz-home.ru/kvartiry-rostova/kv-1050-centr-4-komnatnaya-kvartira-v-tihom-centre/	text/html	https://souz-home.ru/kvartiry-rostova/kv-1050-centr-4-komnatnaya-kvartira-v-tihom-centre/	index, follow	Купить 4+ комн. квартиру 96 м², Центр — 14 600 000 ₽	4+ комн., 96 м², 3 / 6 этаж	
https://souz-home.ru/kvartiry-rostova/kv-1051-zapadnyy-1-komnatnaya-kvartira-pod-remont-na-zapadnom/	https://souz-home.ru/kvartiry-rostova/kv-1051-zapadnyy-1-komnatnaya-kvartira-pod-remont-na-zapadnom/	200	https://souz-home.ru/kvartiry-rostova/kv-1051-zapadnyy-1-komnatnaya-kvartira-pod-remont-na-zapadnom/	text/html	https://souz-home.ru/kvartiry-rostova/kv-1051-zapadnyy-1-komnatnaya-kvartira-pod-remont-na-zapadnom/	index, follow	Купить 1 комн. квартиру 34 м², Западный — 4 650 000 ₽	1 комн., 34 м², 2 / 9 этаж	
https://souz-home.ru/kvartiry-rostova/kv-1052-severnyy-2-komnatnaya-kvartira-u-severnogo-rynka/	https://souz-home.ru/kvartiry-rostova/kv-1052-severnyy-2-komnatnaya-kvartira-u-severnogo-rynka/	200	https://souz-home.ru/kvartiry-rostova/kv-1052-severnyy-2-komnatnaya-kvartira-u-severnogo-rynka/	text/html	https://souz-home.ru/kvartiry-rostova/kv-1052-severnyy-2-komnatnaya-kvartira-u-severnogo-rynka/	index, follow	Купить 2 комн. квартиру 51 м², Северный — 6 850 000 ₽	2 комн., 51 м², 8 / 12 этаж	
https://souz-home.ru/kvartiry-rostova/kv-1053-levencovka-3-komnatnaya-kvartira-v-levencovke/	https://souz-home.ru/kvartiry-rostova/kv-1053-levencovka-3-komnatnaya-kvartira-v-levencovke/	200	https://souz-home.ru/kvartiry-rostova/kv-1053-levencovka-3-komnatnaya-kvartira-v-levencovke/	text/html	https://souz-home.ru/kvartiry-rostova/kv-1053-levencovka-3-komnatnaya-kvartira-v-levencovke/	index, follow	Купить 3 комн. квартиру 74 м², Левенцовка — 9 250 000 ₽	3 комн., 74 м², 11 / 19 этаж	
https://souz-home.ru/kvartiry-rostova/kv-1054-veresaevo-studiya-v-veresaevo-dlya-arendy/	https://souz-home.ru/kvartiry-rostova/kv-1054-veresaevo-studiya-v-veresaevo-dlya-arendy/	200	https://souz-home.ru/kvartiry-rostova/kv-1054-veresaevo-studiya-v-veresaevo-dlya-arendy/	text/html	https://souz-home.ru/kvartiry-rostova/kv-1054-veresaevo-studiya-v-veresaevo-dlya-arendy/	index, follow	Купить студию 28 м², Вересаево — 4 780 000 ₽	Студия, 28 м², 14 / 20 этаж	
https://souz-home.ru/kvartiry-rostova/kv-1055-centr-2-komnatnaya-kvartira-na-teatralnoy-ploschadi/	https://souz-home.ru/kvartiry-rostova/kv-1055-centr-2-komnatnaya-kvartira-na-teatralnoy-ploschadi/	200	https://souz-home.ru/kvartiry-rostova/kv-1055-centr-2-komnatnaya-kvartira-na-teatralnoy-ploschadi/	text/html	https://souz-home.ru/kvartiry-rostova/kv-1055-centr-2-komnatnaya-kvartira-na-teatralnoy-ploschadi/	index, follow	Купить 2 комн. квартиру 61 м², Центр — 10 900 000 ₽	2 комн., 61 м², 5 / 8 этаж	
https://souz-home.ru/kvartiry-rostova/kv-1056-selmash-1-komnatnaya-kvartira-na-selmashe/	https://souz-home.ru/kvartiry-rostova/kv-1056-selmash-1-komnatnaya-kvartira-na-selmashe/	200	https://souz-home.ru/kvartiry-rostova/kv-1056-selmash-1-komnatnaya-kvartira-na-selmashe/	text/html	https://souz-home.ru/kvartiry-rostova/kv-1056-selmash-1-komnatnaya-kvartira-na-selmashe/	index, follow	Купить 1 комн. квартиру 37 м², Сельмаш — 5 250 000 ₽	1 комн., 37 м², 6 / 10 этаж	
https://souz-home.ru/kvartiry-rostova/kv-1057-aleksandrovka-2-komnatnaya-kvartira-v-aleksandrovke-pod-obnovlenie/	https://souz-home.ru/kvartiry-rostova/kv-1057-aleksandrovka-2-komnatnaya-kvartira-v-aleksandrovke-pod-obnovlenie/	200	https://souz-home.ru/kvartiry-rostova/kv-1057-aleksandrovka-2-komnatnaya-kvartira-v-aleksandrovke-pod-obnovlenie/	text/html	https://souz-home.ru/kvartiry-rostova/kv-1057-aleksandrovka-2-komnatnaya-kvartira-v-aleksandrovke-pod-obnovlenie/	index, follow	Купить 2 комн. квартиру 49 м², Александровка — 6 100 000 ₽	2 комн., 49 м², 4 / 9 этаж	
https://souz-home.ru/kvartiry-rostova/kv-1058-severnyy-3-komnatnaya-kvartira-u-nagibina/	https://souz-home.ru/kvartiry-rostova/kv-1058-severnyy-3-komnatnaya-kvartira-u-nagibina/	200	https://souz-home.ru/kvartiry-rostova/kv-1058-severnyy-3-komnatnaya-kvartira-u-nagibina/	text/html	https://souz-home.ru/kvartiry-rostova/kv-1058-severnyy-3-komnatnaya-kvartira-u-nagibina/	index, follow	Купить 3 комн. квартиру 76 м², Северный — 9 600 000 ₽	3 комн., 76 м², 8 / 16 этаж	
https://souz-home.ru/kvartiry-rostova/kv-1059-nahichevan-1-komnatnaya-kvartira-v-nahichevani/	https://souz-home.ru/kvartiry-rostova/kv-1059-nahichevan-1-komnatnaya-kvartira-v-nahichevani/	200	https://souz-home.ru/kvartiry-rostova/kv-1059-nahichevan-1-komnatnaya-kvartira-v-nahichevani/	text/html	https://souz-home.ru/kvartiry-rostova/kv-1059-nahichevan-1-komnatnaya-kvartira-v-nahichevani/	index, follow	Купить 1 комн. квартиру 38 м², Нахичевань — 5 600 000 ₽	1 комн., 38 м², 6 / 12 этаж	
https://souz-home.ru/kvartiry-rostova/kv-1060-zapadnyy-4-komnatnaya-kvartira-na-zapadnom/	https://souz-home.ru/kvartiry-rostova/kv-1060-zapadnyy-4-komnatnaya-kvartira-na-zapadnom/	200	https://souz-home.ru/kvartiry-rostova/kv-1060-zapadnyy-4-komnatnaya-kvartira-na-zapadnom/	text/html	https://souz-home.ru/kvartiry-rostova/kv-1060-zapadnyy-4-komnatnaya-kvartira-na-zapadnom/	index, follow	Купить 4+ комн. квартиру 88 м², Западный — 11 300 000 ₽	4+ комн., 88 м², 7 / 10 этаж	
https://souz-home.ru/kvartiry-rostova/kv-1061-selmash-2-komnatnaya-kvartira-v-selmashe/	https://souz-home.ru/kvartiry-rostova/kv-1061-selmash-2-komnatnaya-kvartira-v-selmashe/	200	https://souz-home.ru/kvartiry-rostova/kv-1061-selmash-2-komnatnaya-kvartira-v-selmashe/	text/html	https://souz-home.ru/kvartiry-rostova/kv-1061-selmash-2-komnatnaya-kvartira-v-selmashe/	index, follow	Купить 2 комн. квартиру 52 м², Сельмаш — 6 450 000 ₽	2 комн., 52 м², 5 / 10 этаж	
https://souz-home.ru/kvartiry-rostova/kv-1062-veresaevo-3-komnatnaya-kvartira-v-veresaevo-s-vidom/	https://souz-home.ru/kvartiry-rostova/kv-1062-veresaevo-3-komnatnaya-kvartira-v-veresaevo-s-vidom/	200	https://souz-home.ru/kvartiry-rostova/kv-1062-veresaevo-3-komnatnaya-kvartira-v-veresaevo-s-vidom/	text/html	https://souz-home.ru/kvartiry-rostova/kv-1062-veresaevo-3-komnatnaya-kvartira-v-veresaevo-s-vidom/	index, follow	Купить 3 комн. квартиру 79 м², Вересаево — 10 200 000 ₽	3 комн., 79 м², 17 / 22 этаж	
https://souz-home.ru/kvartiry-rostova/kv-1063-centr-studiya-v-centre-pod-investiciyu/	https://souz-home.ru/kvartiry-rostova/kv-1063-centr-studiya-v-centre-pod-investiciyu/	200	https://souz-home.ru/kvartiry-rostova/kv-1063-centr-studiya-v-centre-pod-investiciyu/	text/html	https://souz-home.ru/kvartiry-rostova/kv-1063-centr-studiya-v-centre-pod-investiciyu/	index, follow	Купить студию 31 м², Центр — 5 350 000 ₽	Студия, 31 м², 9 / 16 этаж	
https://souz-home.ru/kvartiry-rostova/kv-1064-zapadnyy-2-komnatnaya-kvartira-na-malinovskogo/	https://souz-home.ru/kvartiry-rostova/kv-1064-zapadnyy-2-komnatnaya-kvartira-na-malinovskogo/	200	https://souz-home.ru/kvartiry-rostova/kv-1064-zapadnyy-2-komnatnaya-kvartira-na-malinovskogo/	text/html	https://souz-home.ru/kvartiry-rostova/kv-1064-zapadnyy-2-komnatnaya-kvartira-na-malinovskogo/	index, follow	Купить 2 комн. квартиру 57 м², Западный — 7 250 000 ₽	2 комн., 57 м², 10 / 14 этаж	
https://souz-home.ru/kvartiry-rostova/kv-1065-aleksandrovka-1-komnatnaya-kvartira-v-aleksandrovke/	https://souz-home.ru/kvartiry-rostova/kv-1065-aleksandrovka-1-komnatnaya-kvartira-v-aleksandrovke/	200	https://souz-home.ru/kvartiry-rostova/kv-1065-aleksandrovka-1-komnatnaya-kvartira-v-aleksandrovke/	text/html	https://souz-home.ru/kvartiry-rostova/kv-1065-aleksandrovka-1-komnatnaya-kvartira-v-aleksandrovke/	index, follow	Купить 1 комн. квартиру 36 м², Александровка — 4 900 000 ₽	1 комн., 36 м², 8 / 10 этаж	
https://souz-home.ru/kvartiry-rostova/kv-2001-centr-2-komn-kvartira-46-1-m/	https://souz-home.ru/kvartiry-rostova/kv-2001-centr-2-komn-kvartira-46-1-m/	200	https://souz-home.ru/kvartiry-rostova/kv-2001-centr-2-komn-kvartira-46-1-m/	text/html	https://souz-home.ru/kvartiry-rostova/kv-2001-centr-2-komn-kvartira-46-1-m/	index, follow	Купить 2 комн. квартиру 46.1 м², Центр — 9 200 000 ₽	2 комн., 46.1 м², 3 / 24 этаж	
https://souz-home.ru/kvartiry-rostova/kv-2002-centr-3-komn-kvartira-70-m-15-18-etazh/	https://souz-home.ru/kvartiry-rostova/kv-2002-centr-3-komn-kvartira-70-m-15-18-etazh/	200	https://souz-home.ru/kvartiry-rostova/kv-2002-centr-3-komn-kvartira-70-m-15-18-etazh/	text/html	https://souz-home.ru/kvartiry-rostova/kv-2002-centr-3-komn-kvartira-70-m-15-18-etazh/	index, follow	Купить 3 комн. квартиру 70 м², Центр — 9 390 000 ₽	3 комн., 70 м², 15 / 18 этаж	
https://souz-home.ru/kvartiry-rostova/kv-2003-voroshilovskiy-1-komn-kvartira-42-m-1-5-etazh/	https://souz-home.ru/kvartiry-rostova/kv-2003-voroshilovskiy-1-komn-kvartira-42-m-1-5-etazh/	200	https://souz-home.ru/kvartiry-rostova/kv-2003-voroshilovskiy-1-komn-kvartira-42-m-1-5-etazh/	text/html	https://souz-home.ru/kvartiry-rostova/kv-2003-voroshilovskiy-1-komn-kvartira-42-m-1-5-etazh/	index, follow	Купить 1 комн. квартиру 42 м², Ворошиловский — 7 100 000 ₽	1 комн., 42 м², 1 / 5 этаж	
https://souz-home.ru/kvartiry-rostova/kv-2004-centr-3-komn-kvartira-70-m-15-18-etazh/	https://souz-home.ru/kvartiry-rostova/kv-2004-centr-3-komn-kvartira-70-m-15-18-etazh/	200	https://souz-home.ru/kvartiry-rostova/kv-2004-centr-3-komn-kvartira-70-m-15-18-etazh/	text/html	https://souz-home.ru/kvartiry-rostova/kv-2004-centr-3-komn-kvartira-70-m-15-18-etazh/	index, follow	Купить 3 комн. квартиру 70 м², Центр — 9 399 000 ₽	3 комн., 70 м², 15 / 18 этаж	
https://souz-home.ru/kvartiry-rostova/kv-2005-centr-studiya-30-m-8-25-etazh/	https://souz-home.ru/kvartiry-rostova/kv-2005-centr-studiya-30-m-8-25-etazh/	200	https://souz-home.ru/kvartiry-rostova/kv-2005-centr-studiya-30-m-8-25-etazh/	text/html	https://souz-home.ru/kvartiry-rostova/kv-2005-centr-studiya-30-m-8-25-etazh/	index, follow	Купить студию 30 м², Центр — 6 990 000 ₽	Студия, 30 м², 8 / 25 этаж	
https://souz-home.ru/kvartiry-rostova/kv-2006-severnyy-2-komn-kvartira-60-m-9-24-etazh/	https://souz-home.ru/kvartiry-rostova/kv-2006-severnyy-2-komn-kvartira-60-m-9-24-etazh/	200	https://souz-home.ru/kvartiry-rostova/kv-2006-severnyy-2-komn-kvartira-60-m-9-24-etazh/	text/html	https://souz-home.ru/kvartiry-rostova/kv-2006-severnyy-2-komn-kvartira-60-m-9-24-etazh/	index, follow	Купить 2 комн. квартиру 60 м², Северный — 10 000 000 ₽	2 комн., 60 м², 9 / 24 этаж	
https://souz-home.ru/kvartiry-rostova/kv-2007-centr-1-komn-kvartira-45-m-14-18-etazh/	https://souz-home.ru/kvartiry-rostova/kv-2007-centr-1-komn-kvartira-45-m-14-18-etazh/	200	https://souz-home.ru/kvartiry-rostova/kv-2007-centr-1-komn-kvartira-45-m-14-18-etazh/	text/html	https://souz-home.ru/kvartiry-rostova/kv-2007-centr-1-komn-kvartira-45-m-14-18-etazh/	index, follow	Купить 1 комн. квартиру 45 м², Центр — 6 500 000 ₽	1 комн., 45 м², 14 / 18 этаж	
https://souz-home.ru/kvartiry-rostova/kv-2008-centr-1-k-kvartira-33-m-10-18-et/	https://souz-home.ru/kvartiry-rostova/kv-2008-centr-1-k-kvartira-33-m-10-18-et/	200	https://souz-home.ru/kvartiry-rostova/kv-2008-centr-1-k-kvartira-33-m-10-18-et/	text/html	https://souz-home.ru/kvartiry-rostova/kv-2008-centr-1-k-kvartira-33-m-10-18-et/	index, follow	Купить 1 комн. квартиру 33 м², Центр — 6 800 000 ₽	1 комн., 33 м², 10 / 18 этаж	
https://souz-home.ru/kvartiry-rostova/kv-2009-verhnegnilovskoy-2-komn-kvartira-50-9-m/	https://souz-home.ru/kvartiry-rostova/kv-2009-verhnegnilovskoy-2-komn-kvartira-50-9-m/	200	https://souz-home.ru/kvartiry-rostova/kv-2009-verhnegnilovskoy-2-komn-kvartira-50-9-m/	text/html	https://souz-home.ru/kvartiry-rostova/kv-2009-verhnegnilovskoy-2-komn-kvartira-50-9-m/	index, follow	Купить 2 комн. квартиру 50.9 м², Верхнегниловской — 10 500 000 ₽	2 комн., 50.9 м², 24 / 26 этаж	
https://souz-home.ru/kvartiry-rostova/kv-2010-levencovka-3-komn-kvartira-85-5-m-18-22-etazh/	https://souz-home.ru/kvartiry-rostova/kv-2010-levencovka-3-komn-kvartira-85-5-m-18-22-etazh/	200	https://souz-home.ru/kvartiry-rostova/kv-2010-levencovka-3-komn-kvartira-85-5-m-18-22-etazh/	text/html	https://souz-home.ru/kvartiry-rostova/kv-2010-levencovka-3-komn-kvartira-85-5-m-18-22-etazh/	index, follow	Купить 3 комн. квартиру 85.5 м², Левенцовка — 10 920 000 ₽	3 комн., 85.5 м², 18 / 22 этаж	
https://souz-home.ru/kvartiry-rostova/kv-2011-levencovka-1-komn-kvartira-38-m-3-10-etazh/	https://souz-home.ru/kvartiry-rostova/kv-2011-levencovka-1-komn-kvartira-38-m-3-10-etazh/	200	https://souz-home.ru/kvartiry-rostova/kv-2011-levencovka-1-komn-kvartira-38-m-3-10-etazh/	text/html	https://souz-home.ru/kvartiry-rostova/kv-2011-levencovka-1-komn-kvartira-38-m-3-10-etazh/	index, follow	Купить 1 комн. квартиру 38 м², Левенцовка — 6 300 000 ₽	1 комн., 38 м², 3 / 10 этаж	
https://souz-home.ru/kvartiry-rostova/kv-2012-nahichevan-1-komn-kvartira-42-m-10-24-etazh/	https://souz-home.ru/kvartiry-rostova/kv-2012-nahichevan-1-komn-kvartira-42-m-10-24-etazh/	200	https://souz-home.ru/kvartiry-rostova/kv-2012-nahichevan-1-komn-kvartira-42-m-10-24-etazh/	text/html	https://souz-home.ru/kvartiry-rostova/kv-2012-nahichevan-1-komn-kvartira-42-m-10-24-etazh/	index, follow	Купить 1 комн. квартиру 42 м², Нахичевань — 6 000 000 ₽	1 комн., 42 м², 10 / 24 этаж	
https://souz-home.ru/kvartiry-rostova/kv-2013-aleksandrovka-1-komn-kvartira-43-m/	https://souz-home.ru/kvartiry-rostova/kv-2013-aleksandrovka-1-komn-kvartira-43-m/	200	https://souz-home.ru/kvartiry-rostova/kv-2013-aleksandrovka-1-komn-kvartira-43-m/	text/html	https://souz-home.ru/kvartiry-rostova/kv-2013-aleksandrovka-1-komn-kvartira-43-m/	index, follow	Купить 1 комн. квартиру 43 м², Александровка — 5 900 000 ₽	1 комн., 43 м², 15 / 20 этаж	
https://souz-home.ru/kvartiry-rostova/kv-2014-proletarskiy-2-komn-kvartira-48-m-19-26-etazh/	https://souz-home.ru/kvartiry-rostova/kv-2014-proletarskiy-2-komn-kvartira-48-m-19-26-etazh/	200	https://souz-home.ru/kvartiry-rostova/kv-2014-proletarskiy-2-komn-kvartira-48-m-19-26-etazh/	text/html	https://souz-home.ru/kvartiry-rostova/kv-2014-proletarskiy-2-komn-kvartira-48-m-19-26-etazh/	index, follow	Купить 2 комн. квартиру 48 м², Пролетарский — 8 300 000 ₽	2 комн., 48 м², 19 / 26 этаж	
https://souz-home.ru/kvartiry-rostova/kv-2015-voroshilovskiy-1-komn-kvartira-42-m-8-10-etazh/	https://souz-home.ru/kvartiry-rostova/kv-2015-voroshilovskiy-1-komn-kvartira-42-m-8-10-etazh/	200	https://souz-home.ru/kvartiry-rostova/kv-2015-voroshilovskiy-1-komn-kvartira-42-m-8-10-etazh/	text/html	https://souz-home.ru/kvartiry-rostova/kv-2015-voroshilovskiy-1-komn-kvartira-42-m-8-10-etazh/	index, follow	Купить 1 комн. квартиру 42 м², Ворошиловский — 6 400 000 ₽	1 комн., 42 м², 8 / 10 этаж	
https://souz-home.ru/kvartiry-rostova/kv-2016-proletarskiy-komfortnaya-kvartira/	https://souz-home.ru/kvartiry-rostova/kv-2016-proletarskiy-komfortnaya-kvartira/	200	https://souz-home.ru/kvartiry-rostova/kv-2016-proletarskiy-komfortnaya-kvartira/	text/html	https://souz-home.ru/kvartiry-rostova/kv-2016-proletarskiy-komfortnaya-kvartira/	index, follow	Купить 1 комн. квартиру 45 м², Пролетарский — 7 450 000 ₽	1 комн., 45 м², 5 / 12 этаж	
https://souz-home.ru/kvartiry-rostova/kv-2017-proletarskiy-1-komn-kvartira-33-2-m-1-24-etazh/	https://souz-home.ru/kvartiry-rostova/kv-2017-proletarskiy-1-komn-kvartira-33-2-m-1-24-etazh/	200	https://souz-home.ru/kvartiry-rostova/kv-2017-proletarskiy-1-komn-kvartira-33-2-m-1-24-etazh/	text/html	https://souz-home.ru/kvartiry-rostova/kv-2017-proletarskiy-1-komn-kvartira-33-2-m-1-24-etazh/	index, follow	Купить 1 комн. квартиру 33.2 м², Пролетарский — 5 700 000 ₽	1 комн., 33.2 м², 1 / 24 этаж	
https://souz-home.ru/kvartiry-rostova/kv-2018-aleksandrovka-2-komn-kvartira-60-m-8-10-etazh/	https://souz-home.ru/kvartiry-rostova/kv-2018-aleksandrovka-2-komn-kvartira-60-m-8-10-etazh/	200	https://souz-home.ru/kvartiry-rostova/kv-2018-aleksandrovka-2-komn-kvartira-60-m-8-10-etazh/	text/html	https://souz-home.ru/kvartiry-rostova/kv-2018-aleksandrovka-2-komn-kvartira-60-m-8-10-etazh/	index, follow	Купить 2 комн. квартиру 60 м², Александровка — 9 000 000 ₽	2 комн., 60 м², 8 / 10 этаж	
https://souz-home.ru/kvartiry-rostova/kv-2019-proletarskiy-idealnaya-2-komnatnaya-kvartira/	https://souz-home.ru/kvartiry-rostova/kv-2019-proletarskiy-idealnaya-2-komnatnaya-kvartira/	200	https://souz-home.ru/kvartiry-rostova/kv-2019-proletarskiy-idealnaya-2-komnatnaya-kvartira/	text/html	https://souz-home.ru/kvartiry-rostova/kv-2019-proletarskiy-idealnaya-2-komnatnaya-kvartira/	index, follow	Купить 2 комн. квартиру 64 м², Пролетарский — 11 900 000 ₽	2 комн., 64 м², 8 / 25 этаж	
https://souz-home.ru/kvartiry-rostova/kv-2020-aeroport-1-komn-kvartira-42-m-4-13-etazh/	https://souz-home.ru/kvartiry-rostova/kv-2020-aeroport-1-komn-kvartira-42-m-4-13-etazh/	200	https://souz-home.ru/kvartiry-rostova/kv-2020-aeroport-1-komn-kvartira-42-m-4-13-etazh/	text/html	https://souz-home.ru/kvartiry-rostova/kv-2020-aeroport-1-komn-kvartira-42-m-4-13-etazh/	index, follow	Купить 1 комн. квартиру 42 м², Аэропорт — 6 999 900 ₽	1 комн., 42 м², 4 / 13 этаж	
https://souz-home.ru/kvartiry-rostova/kv-2021-levencovka-3-komn-kvartira-75-m-19-20-etazh/	https://souz-home.ru/kvartiry-rostova/kv-2021-levencovka-3-komn-kvartira-75-m-19-20-etazh/	200	https://souz-home.ru/kvartiry-rostova/kv-2021-levencovka-3-komn-kvartira-75-m-19-20-etazh/	text/html	https://souz-home.ru/kvartiry-rostova/kv-2021-levencovka-3-komn-kvartira-75-m-19-20-etazh/	index, follow	Купить 3 комн. квартиру 75 м², Левенцовка — 8 980 000 ₽	3 комн., 75 м², 19 / 20 этаж	
https://souz-home.ru/kvartiry-rostova/kv-2022-proletarskiy-2-komn-kvartira-58-m-16-25-etazh/	https://souz-home.ru/kvartiry-rostova/kv-2022-proletarskiy-2-komn-kvartira-58-m-16-25-etazh/	200	https://souz-home.ru/kvartiry-rostova/kv-2022-proletarskiy-2-komn-kvartira-58-m-16-25-etazh/	text/html	https://souz-home.ru/kvartiry-rostova/kv-2022-proletarskiy-2-komn-kvartira-58-m-16-25-etazh/	index, follow	Купить 2 комн. квартиру 58 м², Пролетарский — 8 699 900 ₽	2 комн., 58 м², 16 / 25 этаж	
https://souz-home.ru/kvartiry-rostova/kv-2023-krasnyy-gorod-1-komn-kvartira-57-m-2-10-etazh/	https://souz-home.ru/kvartiry-rostova/kv-2023-krasnyy-gorod-1-komn-kvartira-57-m-2-10-etazh/	200	https://souz-home.ru/kvartiry-rostova/kv-2023-krasnyy-gorod-1-komn-kvartira-57-m-2-10-etazh/	text/html	https://souz-home.ru/kvartiry-rostova/kv-2023-krasnyy-gorod-1-komn-kvartira-57-m-2-10-etazh/	index, follow	Купить 1 комн. квартиру 57 м², Красный город — 10 400 000 ₽	1 комн., 57 м², 2 / 10 этаж	
https://souz-home.ru/kvartiry-rostova/kv-2024-selmash-2-komn-kvartira-77-5-m-6-12-etazh/	https://souz-home.ru/kvartiry-rostova/kv-2024-selmash-2-komn-kvartira-77-5-m-6-12-etazh/	200	https://souz-home.ru/kvartiry-rostova/kv-2024-selmash-2-komn-kvartira-77-5-m-6-12-etazh/	text/html	https://souz-home.ru/kvartiry-rostova/kv-2024-selmash-2-komn-kvartira-77-5-m-6-12-etazh/	index, follow	Купить 2 комн. квартиру 77.5 м², Сельмаш — 11 500 000 ₽	2 комн., 77.5 м², 6 / 12 этаж	
https://souz-home.ru/novostroyki-rostova/	https://souz-home.ru/novostroyki-rostova/	200	https://souz-home.ru/novostroyki-rostova/	text/html	https://souz-home.ru/novostroyki-rostova/	index, follow	Новостройки Ростова-на-Дону: подбор ЖК и ипотека	Подберём ЖК Ростова под ваш бюджет и поможем с ипотекой	
https://souz-home.ru/politika/	https://souz-home.ru/politika/	200	https://souz-home.ru/politika/	text/html	https://souz-home.ru/politika/	index, follow	Политика конфиденциальности - Союз Застройщиков	Политика обработки персональных данных	
https://souz-home.ru/rabota-rieltorom-rostov/	https://souz-home.ru/rabota-rieltorom-rostov/	200	https://souz-home.ru/rabota-rieltorom-rostov/	text/html	https://souz-home.ru/rabota-rieltorom-rostov/	index, follow	Работа риэлтором в Ростове: вакансия в Союзе Застройщиков	Работа риэлтором в Ростове: учим с нуля и поддерживаем на старте	
https://souz-home.ru/reviews/	https://souz-home.ru/reviews/	200	https://souz-home.ru/reviews/	text/html	https://souz-home.ru/reviews/	index, follow	Отзывы клиентов о Союзе Застройщиков в Ростове	Реальные отзывы о работе Союза Застройщиков в Ростове	
https://souz-home.ru/semeinaya-ipoteka-rostov/	https://souz-home.ru/semeinaya-ipoteka-rostov/	200	https://souz-home.ru/semeinaya-ipoteka-rostov/	text/html	https://souz-home.ru/semeinaya-ipoteka-rostov/	index, follow	Семейная ипотека в Ростове: разберём лимит, взнос и объект	Семейная ипотека в Ростове: разберём, какой объект реально купить по программе	
https://souz-home.ru/soglasie/	https://souz-home.ru/soglasie/	200	https://souz-home.ru/soglasie/	text/html	https://souz-home.ru/soglasie/	index, follow	Согласие на обработку персональных данных - Союз Застройщиков	Согласие на обработку персональных данных	
https://souz-home.ru/stroitelstvo-domov/	https://souz-home.ru/stroitelstvo-domov/	200	https://souz-home.ru/stroitelstvo-domov/	text/html	https://souz-home.ru/stroitelstvo-domov/	index, follow	Строительство домов в Ростове: ипотека 6% и подрядчик	Построим дом в Ростове под ключ с ипотекой от 6% и проверенным подрядчиком	
