owner_name,source_slug,verified_city,planned_media_slots,accepted_media_count,rights_status,intake_status,publish_status,blocker
Созвездие,sozvezdie-3453617,Ростов-на-Дону,5,0,owner_attested_partner_rights,planned_pending_binary_intake,unpublished_until_payload_s3_import,checksum_dimensions_payload_s3_import_pending
Луна,luna-3982269,Батайск,5,0,owner_attested_partner_rights,planned_pending_binary_intake,unpublished_until_payload_s3_import,checksum_dimensions_payload_s3_import_pending
Лайм,lajm-siti-3053470,Ростов-на-Дону,5,0,owner_attested_partner_rights,planned_pending_binary_intake,unpublished_until_payload_s3_import,checksum_dimensions_payload_s3_import_pending
Придонье,pridonie-offer-based,Аксай,5,0,owner_attested_partner_rights,planned_pending_binary_intake,unpublished_until_payload_s3_import,checksum_dimensions_payload_s3_import_pending
Октябрь Парк,oktyabr-park-3925017,Ростов-на-Дону,5,0,owner_attested_partner_rights,planned_pending_binary_intake,unpublished_until_payload_s3_import,checksum_dimensions_payload_s3_import_pending
Донские легенды,donskie-legendy-4068051,Ростов-на-Дону,5,0,owner_attested_partner_rights,planned_pending_binary_intake,unpublished_until_payload_s3_import,checksum_dimensions_payload_s3_import_pending
Ботаника,botanika-4029488,Ростов-на-Дону,5,0,owner_attested_partner_rights,planned_pending_binary_intake,unpublished_until_payload_s3_import,checksum_dimensions_payload_s3_import_pending
Академия,akademiya-4061334,Ростов-на-Дону,5,0,owner_attested_partner_rights,planned_pending_binary_intake,unpublished_until_payload_s3_import,checksum_dimensions_payload_s3_import_pending
Донской Арбат 2,donskoj-arbat-2-3604394,Ростов-на-Дону,5,0,owner_attested_partner_rights,planned_pending_binary_intake,unpublished_until_payload_s3_import,checksum_dimensions_payload_s3_import_pending
Город у реки,gorod-u-reki-1970419,Ростов-на-Дону,5,0,owner_attested_partner_rights,planned_pending_binary_intake,unpublished_until_payload_s3_import,checksum_dimensions_payload_s3_import_pending
Royal Towers,royal-tauehrs-3083408,Ростов-на-Дону,5,0,owner_attested_partner_rights,planned_pending_binary_intake,unpublished_until_payload_s3_import,checksum_dimensions_payload_s3_import_pending
Суворовский,suvorovskij-301798,Ростов-на-Дону,5,0,owner_attested_partner_rights,planned_pending_binary_intake,unpublished_until_payload_s3_import,checksum_dimensions_payload_s3_import_pending
Малина-парк,malina-park-3499750,Ростов-на-Дону,5,0,owner_attested_partner_rights,planned_pending_binary_intake,unpublished_until_payload_s3_import,checksum_dimensions_payload_s3_import_pending
Сезоны,sezony-3997833,Ростов-на-Дону,5,0,owner_attested_partner_rights,planned_pending_binary_intake,unpublished_until_payload_s3_import,checksum_dimensions_payload_s3_import_pending
Гринсайд,grinsajd-2633689,Ростов-на-Дону,5,0,owner_attested_partner_rights,planned_pending_binary_intake,unpublished_until_payload_s3_import,checksum_dimensions_payload_s3_import_pending
Локация 9-11,lokaciya-9-11-3991274,Ростов-на-Дону,5,0,owner_attested_partner_rights,planned_pending_binary_intake,unpublished_until_payload_s3_import,checksum_dimensions_payload_s3_import_pending
Звезда Столицы 2,zvezda-stolicy-2-4059240,Ростов-на-Дону,5,0,owner_attested_partner_rights,planned_pending_binary_intake,unpublished_until_payload_s3_import,checksum_dimensions_payload_s3_import_pending
Иловайский,ilovajskij-4200584,Ростов-на-Дону,5,0,owner_attested_partner_rights,planned_pending_binary_intake,unpublished_until_payload_s3_import,checksum_dimensions_payload_s3_import_pending
Фрейм,frejm-3102231,Ростов-на-Дону,5,0,owner_attested_partner_rights,planned_pending_binary_intake,unpublished_until_payload_s3_import,checksum_dimensions_payload_s3_import_pending
Культура,kultura-3765245,Ростов-на-Дону,5,0,owner_attested_partner_rights,planned_pending_binary_intake,unpublished_until_payload_s3_import,checksum_dimensions_payload_s3_import_pending
1799,1799-3459528,Ростов-на-Дону,5,0,owner_attested_partner_rights,planned_pending_binary_intake,unpublished_until_payload_s3_import,checksum_dimensions_payload_s3_import_pending
Эстет,ehstet-4100783,Ростов-на-Дону,5,0,owner_attested_partner_rights,planned_pending_binary_intake,unpublished_until_payload_s3_import,checksum_dimensions_payload_s3_import_pending
Столицыно,stolicyno-4065490,Аксай,5,0,owner_attested_partner_rights,planned_pending_binary_intake,unpublished_until_payload_s3_import,checksum_dimensions_payload_s3_import_pending
Сияние,siyanie-kvartal-na-sholohova-3896193,Ростов-на-Дону,5,0,owner_attested_partner_rights,planned_pending_binary_intake,unpublished_until_payload_s3_import,checksum_dimensions_payload_s3_import_pending
