owner_name,source_slug,canonical_source_url,verified_developer,verified_city,address_summary,class_summary,deadline_summary,identity_status,accepted_media_count,publish_status,blocker
Созвездие,sozvezdie-3453617,https://realty.yandex.ru/rostov-na-donu/kupit/novostrojka/sozvezdie-3453617/,Донстрой,Ростов-на-Дону,ул. Белокалитвинская,comfort,III квартал 2026 / conflicting source text,verified,0,unpublished,media_intake_payload_s3_import_missing
Луна,luna-3982269,https://realty.yandex.ru/bataysk/kupit/novostrojka/luna-3982269/,СК «Анастасия»,Батайск,ул. Луначарского,business,IV квартал 2026,verified_non_rostov,0,unpublished,media_intake_payload_s3_import_missing
Лайм,lajm-siti-3053470,https://realty.yandex.ru/rostov-na-donu/kupit/novostrojka/lajm-siti-3053470/,ИнвестРадиоСтрой,Ростов-на-Дону,"проспект Михаила Нагибина, 38",comfort,сдан IV квартал 2022,verified,0,unpublished,media_intake_payload_s3_import_missing
Придонье,pridonie-offer-based,https://realty.yandex.ru/offer/7041829003609946037/,ССК,Аксай,"Новый Аксай, 7-я линия / 1-я линия",unknown,II квартал 2028 — III квартал 2029,verified_offer_only_non_rostov,0,unpublished,media_intake_payload_s3_import_missing
Октябрь Парк,oktyabr-park-3925017,https://realty.yandex.ru/rostov-na-donu/kupit/novostrojka/oktyabr-park-3925017/,ССК,Ростов-на-Дону,квартал Нефтекачка / пер. Элеваторный,comfort,IV квартал 2026 — IV квартал 2028,verified,0,unpublished,media_intake_payload_s3_import_missing
Донские легенды,donskie-legendy-4068051,https://realty.yandex.ru/rostov-na-donu/kupit/novostrojka/donskie-legendy-4068051/,ПОКОЛЕНИЕ ДЕВЕЛОПМЕНТ,Ростов-на-Дону,Восточное шоссе,comfort,II квартал 2028 — II квартал 2029,verified,0,unpublished,media_intake_payload_s3_import_missing
Ботаника,botanika-4029488,https://realty.yandex.ru/rostov-na-donu/kupit/novostrojka/botanika-4029488/,ГК «АльфаСтройИнвест»,Ростов-на-Дону,ул. Курская,comfort_plus,III квартал 2028 — II квартал 2030,verified,0,unpublished,media_intake_payload_s3_import_missing
Академия,akademiya-4061334,https://realty.yandex.ru/rostov-na-donu/kupit/novostrojka/akademiya-4061334/,ГК «АльфаСтройИнвест»,Ростов-на-Дону,проспект Стачки,comfort,II–IV кварталы 2028,verified,0,unpublished,media_intake_payload_s3_import_missing
Донской Арбат 2,donskoj-arbat-2-3604394,https://realty.yandex.ru/rostov-na-donu/kupit/novostrojka/donskoj-arbat-2-3604394/,Московская Строительная Компания,Ростов-на-Дону,проспект Кировский / ул. Текучёва,comfort_plus,IV квартал 2026,verified,0,unpublished,media_intake_payload_s3_import_missing
Город у реки,gorod-u-reki-1970419,https://realty.yandex.ru/rostov-na-donu/kupit/novostrojka/gorod-u-reki-1970419/,Московская Строительная Компания,Ростов-на-Дону,ул. 23-я Линия,comfort_plus,"сдан, ключи с июля 2024",verified,0,unpublished,media_intake_payload_s3_import_missing
Royal Towers,royal-tauehrs-3083408,https://realty.yandex.ru/rostov-na-donu/kupit/novostrojka/royal-tauehrs-3083408/,Московская Строительная Компания,Ростов-на-Дону,ул. Привокзальная,business,I квартал 2027,verified,0,unpublished,media_intake_payload_s3_import_missing
Суворовский,suvorovskij-301798,https://realty.yandex.ru/rostov-na-donu/kupit/novostrojka/suvorovskij-301798/,ВКБ-Новостройки,Ростов-на-Дону,ул. Вавилова / ул. Петренко,economy,сдан,verified,0,unpublished,media_intake_payload_s3_import_missing
Малина-парк,malina-park-3499750,https://realty.yandex.ru/rostov-na-donu/kupit/novostrojka/malina-park-3499750/,СК10,Ростов-на-Дону,ул. Малиновского,unknown,III квартал 2026 — I квартал 2030,verified,0,unpublished,media_intake_payload_s3_import_missing
Сезоны,sezony-3997833,https://realty.yandex.ru/rostov-na-donu/kupit/novostrojka/sezony-3997833/,СК10,Ростов-на-Дону,бульвар Платова,comfort,IV квартал 2026,verified,0,unpublished,media_intake_payload_s3_import_missing
Гринсайд,grinsajd-2633689,https://realty.yandex.ru/rostov-na-donu/kupit/novostrojka/grinsajd-2633689/,СК10,Ростов-на-Дону,ул. Нансена / ул. Ленина / пр. Михаила Нагибина,business,IV квартал 2028; часть сдана,verified,0,unpublished,media_intake_payload_s3_import_missing
Локация 9-11,lokaciya-9-11-3991274,https://realty.yandex.ru/rostov-na-donu/kupit/novostrojka/lokaciya-9-11-3991274/,СЗ «МАГНУМ»,Ростов-на-Дону,ул. 9-я Линия / Береговая / 13-я Линия,business,IV квартал 2026,verified,0,unpublished,media_intake_payload_s3_import_missing
Звезда Столицы 2,zvezda-stolicy-2-4059240,https://realty.yandex.ru/rostov-na-donu/kupit/novostrojka/zvezda-stolicy-2-4059240/,СК «ДОННЕФТЕСТРОЙ»,Ростов-на-Дону,ул. Нансена / ул. Шеболдаева,business,IV квартал 2028,verified,0,unpublished,media_intake_payload_s3_import_missing
Иловайский,ilovajskij-4200584,https://realty.yandex.ru/rostov-na-donu/kupit/novostrojka/ilovajskij-4200584/,ГК «ФОРТ»,Ростов-на-Дону,"ул. Иловайская, 29В / 29В к.4",comfort,III квартал 2028,verified,0,unpublished,media_intake_payload_s3_import_missing
Фрейм,frejm-3102231,https://realty.yandex.ru/rostov-na-donu/kupit/novostrojka/frejm-3102231/,ГК «АльфаСтройИнвест»,Ростов-на-Дону,"мкр. Западный, ул. Зорге",comfort,II квартал 2027,verified,0,unpublished,media_intake_payload_s3_import_missing
Культура,kultura-3765245,https://realty.yandex.ru/rostov-na-donu/kupit/novostrojka/kultura-3765245/,СК10,Ростов-на-Дону,ул. Текучёва / Театральный проспект,business,I квартал 2027 — III квартал 2028; часть сдана,verified,0,unpublished,media_intake_payload_s3_import_missing
1799,1799-3459528,https://realty.yandex.ru/rostov-na-donu/kupit/novostrojka/1799-3459528/,Федеральный девелопер «Неометрия»,Ростов-на-Дону,проспект Сиверса / ул. Согласия,business,сдан II квартал 2026,verified,0,unpublished,media_intake_payload_s3_import_missing
Эстет,ehstet-4100783,https://realty.yandex.ru/rostov-na-donu/kupit/novostrojka/ehstet-4100783/,ГК «ЮСИ»,Ростов-на-Дону,ул. Берберовская,comfort_plus,III квартал 2031 — III квартал 2034,verified,0,unpublished,media_intake_payload_s3_import_missing
Столицыно,stolicyno-4065490,https://realty.yandex.ru/aksay/kupit/novostrojka/stolicyno-4065490/,ГК ТОЧНО,Аксай,Новочеркасское шоссе,comfort_plus,IV квартал 2026 — IV квартал 2031,verified_non_rostov,0,unpublished,media_intake_payload_s3_import_missing
Сияние,siyanie-kvartal-na-sholohova-3896193,https://realty.yandex.ru/rostov-na-donu/kupit/novostrojka/siyanie-kvartal-na-sholohova-3896193/,ЮгСтройИнвест,Ростов-на-Дону,проспект Шолохова,comfort,IV квартал 2028 — II квартал 2032,verified,0,unpublished,media_intake_payload_s3_import_missing
