pageKey,url,canonical,entityRef,targetPhrases,metric,value,source,snapshotDate,synthetic,tier,minimumObjects,defaultRobots,templateKey,title,h1,description,status,morphologyApproved,release,contentGateRule
"{""kind"":""home""}",/,/,,fixture home intent,searchDemand,,fallback_no_data,2026-09-24,true,TEST,10,"noindex,follow",homeSingleGeo,Недвижимость Приморска — AMS Realty,Недвижимость Приморска,Подбор недвижимости в Приморске,draft,true,starter-v2.1.0,listing
"{""kind"":""geoHub"",""geo"":""primorsk""}",/primorsk/,/primorsk/,geo:primorsk,fixture geo hub intent,searchDemand,,fallback_no_data,2026-09-24,true,TEST,10,"noindex,follow",geoHub,Недвижимость Приморска — AMS Realty,Недвижимость Приморска,"Квартиры, дома и новостройки в Приморске — 28 объектов.",draft,true,starter-v2.1.0,listing
"{""kind"":""categoryRoot"",""category"":""kvartiry""}",/kvartiry/,/kvartiry/,category:kvartiry,fixture root catalog intent,searchDemand,,fallback_no_data,2026-09-24,true,TEST,10,"noindex,follow",categoryRoot,Квартиры — AMS Realty,Квартиры,Квартиры — актуальные предложения. 21 объект.,draft,true,starter-v2.1.0,listing
"{""kind"":""categoryGeo"",""geo"":""primorsk"",""category"":""kvartiry""}",/primorsk/kvartiry/,/primorsk/kvartiry/,geo:primorsk/category:kvartiry,fixture geo catalog intent,searchDemand,,fallback_no_data,2026-09-24,true,TEST,10,"noindex,follow",categoryGeo,Квартиры в Приморске — AMS Realty,Квартиры в Приморске,Квартиры в Приморске — актуальные предложения. 18 объектов.,draft,true,starter-v2.1.0,listing
"{""kind"":""categoryGeoDistrict"",""geo"":""primorsk"",""category"":""kvartiry"",""district"":""severnyy""}",/primorsk/kvartiry/severnyy/,/primorsk/kvartiry/severnyy/,district:severnyy,fixture district catalog intent,searchDemand,,fallback_no_data,2026-09-24,true,TEST,10,"noindex,follow",categoryGeoDistrictMicro,Купить квартиру на Северном в Приморске — цены,Квартиры на Северном,Квартиры на Северном в Приморске — актуальные предложения. 12 объектов.,draft,true,starter-v2.1.0,listing
"{""kind"":""categoryGeoDistrict"",""geo"":""primorsk"",""category"":""kvartiry"",""district"":""leninskiy""}",/primorsk/kvartiry/leninskiy/,/primorsk/kvartiry/leninskiy/,district:leninskiy,fixture admin district catalog intent,searchDemand,,fallback_no_data,2026-09-24,true,TEST,10,"noindex,follow",categoryGeoDistrictAdmin,Купить квартиру в Ленинском районе Приморска — цены,Квартиры в Ленинском районе Приморска,Квартиры в Ленинском районе Приморска — актуальные предложения. 9 объектов.,draft,true,starter-v2.1.0,listing
"{""kind"":""categoryGeoFacet"",""geo"":""primorsk"",""category"":""kvartiry"",""facet"":""dvukhkomnatnye""}",/primorsk/kvartiry/dvukhkomnatnye/,/primorsk/kvartiry/dvukhkomnatnye/,facet:dvukhkomnatnye,fixture facet catalog intent,searchDemand,,fallback_no_data,2026-09-24,true,TEST,10,"noindex,follow",categoryGeoFacet,Двухкомнатные квартиры в Приморске — AMS Realty,Двухкомнатные квартиры в Приморске,Двухкомнатные квартиры в Приморске — актуальные предложения. 11 объектов.,draft,true,starter-v2.1.0,listing
"{""kind"":""categoryGeoFacet"",""geo"":""primorsk"",""category"":""kvartiry"",""facet"":""vtorichka""}",/primorsk/kvartiry/vtorichka/,/primorsk/kvartiry/vtorichka/,facet:vtorichka,fixture secondary market catalog intent,searchDemand,,fallback_no_data,2026-09-24,true,TEST,10,"noindex,follow",categoryGeoFacet,Вторичные квартиры в Приморске — AMS Realty,Вторичные квартиры в Приморске,Вторичные квартиры в Приморске — актуальные предложения. 10 объектов.,draft,true,starter-v2.1.0,listing
"{""kind"":""geoDevelopers"",""geo"":""primorsk""}",/primorsk/zastroyshchiki/,/primorsk/zastroyshchiki/,geo:primorsk/developers,fixture geo developers intent,searchDemand,,fallback_no_data,2026-09-24,true,TEST,10,"noindex,follow",geoDevelopers,Застройщики в Приморске — AMS Realty,Застройщики в Приморске,Застройщики и жилые комплексы в Приморске — 7 объектов.,draft,true,starter-v2.1.0,developerGeo
"{""kind"":""developerRoot""}",/zastroyshchiki/,/zastroyshchiki/,developers:root,fixture developer root intent,searchDemand,,fallback_no_data,2026-09-24,true,TEST,10,"noindex,follow",developerRoot,Застройщики — AMS Realty,Застройщики,Застройщики и жилые комплексы — 7 объектов.,draft,true,starter-v2.1.0,developerGeo
"{""kind"":""development"",""developmentKind"":""residential_complex"",""slug"":""severnyy-bereg""}",/novostroyki/zhk-severnyy-bereg/,/novostroyki/zhk-severnyy-bereg/,development:severnyy-bereg,fixture development normal intent,searchDemand,,fallback_no_data,2026-09-24,true,TEST,10,"noindex,follow",developmentNormal,ЖК «Северный берег» — AMS Realty,ЖК «Северный берег»,"ЖК «Северный берег» в Приморске — от 6,2 млн ₽.",draft,true,starter-v2.1.0,development
"{""kind"":""development"",""developmentKind"":""cottage_village"",""slug"":""severnyy-bereg""}",/kottedzhnye-poselki/kp-severnyy-bereg/,/kottedzhnye-poselki/kp-severnyy-bereg/,development:severnyy-bereg-kp,fixture development collision intent,searchDemand,,fallback_no_data,2026-09-24,true,TEST,10,"noindex,follow",developmentCollision,КП «Северный берег» в Приморске — AMS Realty,КП «Северный берег» в Приморске,КП «Северный берег» в Приморске,draft,true,starter-v2.1.0,development
"{""kind"":""developer"",""slug"":""stroy-invest""}",/zastroyshchiki/stroy-invest/,/zastroyshchiki/stroy-invest/,developer:stroy-invest,fixture developer intent,searchDemand,,fallback_no_data,2026-09-24,true,TEST,10,"noindex,follow",developer,Строй Инвест — AMS Realty,Строй Инвест,Объекты застройщика Строй Инвест в Приморске — 4 объекта.,draft,true,starter-v2.1.0,developer
"{""kind"":""property"",""category"":""kvartiry"",""semantic"":""ulitsa-mira-10"",""publicUrlId"":42}",/kvartiry/ulitsa-mira-10-42/,/kvartiry/ulitsa-mira-10-42/,property:42,fixture property intent,searchDemand,,fallback_no_data,2026-09-24,true,TEST,10,"noindex,follow",property,"2-комнатная квартира, улица Мира, 10 — AMS Realty","2-комнатная квартира, улица Мира, 10","2-комнатная квартира, улица Мира, 10 в Приморске — 5,8 млн ₽.",draft,true,starter-v2.1.0,secondary
"{""kind"":""categoryRoot"",""category"":""arenda""}",/arenda/,/arenda/,category:arenda,starter coverage /arenda/,searchDemand,,fallback_no_data,2026-09-24,true,TEST,10,"noindex,follow",categoryRoot,Аренда — AMS Realty,Аренда,Аренда — актуальные предложения,draft,true,starter-v2.1.0,listing
"{""kind"":""categoryRoot"",""category"":""doma""}",/doma/,/doma/,category:doma,starter coverage /doma/,searchDemand,,fallback_no_data,2026-09-24,true,TEST,10,"noindex,follow",categoryRoot,Дома — AMS Realty,Дома,Дома — актуальные предложения,draft,true,starter-v2.1.0,listing
"{""kind"":""categoryRoot"",""category"":""garazhi""}",/garazhi/,/garazhi/,category:garazhi,starter coverage /garazhi/,searchDemand,,fallback_no_data,2026-09-24,true,TEST,10,"noindex,follow",categoryRoot,Гаражи — AMS Realty,Гаражи,Гаражи — актуальные предложения,draft,true,starter-v2.1.0,listing
"{""kind"":""categoryRoot"",""category"":""kommercheskaya-nedvizhimost""}",/kommercheskaya-nedvizhimost/,/kommercheskaya-nedvizhimost/,category:kommercheskaya-nedvizhimost,starter coverage /kommercheskaya-nedvizhimost/,searchDemand,,fallback_no_data,2026-09-24,true,TEST,10,"noindex,follow",categoryRoot,Коммерческая недвижимость — AMS Realty,Коммерческая недвижимость,Коммерческая недвижимость — актуальные предложения,draft,true,starter-v2.1.0,listing
"{""kind"":""categoryRoot"",""category"":""komnaty""}",/komnaty/,/komnaty/,category:komnaty,starter coverage /komnaty/,searchDemand,,fallback_no_data,2026-09-24,true,TEST,10,"noindex,follow",categoryRoot,Комнаты — AMS Realty,Комнаты,Комнаты — актуальные предложения,draft,true,starter-v2.1.0,listing
"{""kind"":""categoryRoot"",""category"":""kottedzhnye-poselki""}",/kottedzhnye-poselki/,/kottedzhnye-poselki/,category:kottedzhnye-poselki,starter coverage /kottedzhnye-poselki/,searchDemand,,fallback_no_data,2026-09-24,true,TEST,10,"noindex,follow",categoryRoot,Коттеджные посёлки — AMS Realty,Коттеджные посёлки,Коттеджные посёлки — актуальные предложения,draft,true,starter-v2.1.0,listing
"{""kind"":""categoryRoot"",""category"":""novostroyki""}",/novostroyki/,/novostroyki/,category:novostroyki,starter coverage /novostroyki/,searchDemand,,fallback_no_data,2026-09-24,true,TEST,10,"noindex,follow",categoryRoot,Новостройки — AMS Realty,Новостройки,Новостройки — актуальные предложения,draft,true,starter-v2.1.0,listing
"{""kind"":""categoryGeo"",""geo"":""primorsk"",""category"":""arenda""}",/primorsk/arenda/,/primorsk/arenda/,geo:primorsk/category:arenda,starter coverage /primorsk/arenda/,searchDemand,,fallback_no_data,2026-09-24,true,TEST,10,"noindex,follow",categoryGeo,Аренда в Приморске — AMS Realty,Аренда в Приморске,Аренда в Приморске — актуальные предложения,draft,true,starter-v2.1.0,listing
"{""kind"":""categoryGeo"",""geo"":""primorsk"",""category"":""doma""}",/primorsk/doma/,/primorsk/doma/,geo:primorsk/category:doma,starter coverage /primorsk/doma/,searchDemand,,fallback_no_data,2026-09-24,true,TEST,10,"noindex,follow",categoryGeo,Дома в Приморске — AMS Realty,Дома в Приморске,Дома в Приморске — актуальные предложения,draft,true,starter-v2.1.0,listing
"{""kind"":""categoryGeo"",""geo"":""primorsk"",""category"":""garazhi""}",/primorsk/garazhi/,/primorsk/garazhi/,geo:primorsk/category:garazhi,starter coverage /primorsk/garazhi/,searchDemand,,fallback_no_data,2026-09-24,true,TEST,10,"noindex,follow",categoryGeo,Гаражи в Приморске — AMS Realty,Гаражи в Приморске,Гаражи в Приморске — актуальные предложения,draft,true,starter-v2.1.0,listing
"{""kind"":""categoryGeo"",""geo"":""primorsk"",""category"":""kommercheskaya-nedvizhimost""}",/primorsk/kommercheskaya-nedvizhimost/,/primorsk/kommercheskaya-nedvizhimost/,geo:primorsk/category:kommercheskaya-nedvizhimost,starter coverage /primorsk/kommercheskaya-nedvizhimost/,searchDemand,,fallback_no_data,2026-09-24,true,TEST,10,"noindex,follow",categoryGeo,Коммерческая недвижимость в Приморске — AMS Realty,Коммерческая недвижимость в Приморске,Коммерческая недвижимость в Приморске — актуальные предложения,draft,true,starter-v2.1.0,listing
"{""kind"":""categoryGeo"",""geo"":""primorsk"",""category"":""komnaty""}",/primorsk/komnaty/,/primorsk/komnaty/,geo:primorsk/category:komnaty,starter coverage /primorsk/komnaty/,searchDemand,,fallback_no_data,2026-09-24,true,TEST,10,"noindex,follow",categoryGeo,Комнаты в Приморске — AMS Realty,Комнаты в Приморске,Комнаты в Приморске — актуальные предложения,draft,true,starter-v2.1.0,listing
"{""kind"":""categoryGeo"",""geo"":""primorsk"",""category"":""kottedzhnye-poselki""}",/primorsk/kottedzhnye-poselki/,/primorsk/kottedzhnye-poselki/,geo:primorsk/category:kottedzhnye-poselki,starter coverage /primorsk/kottedzhnye-poselki/,searchDemand,,fallback_no_data,2026-09-24,true,TEST,10,"noindex,follow",categoryGeo,Коттеджные посёлки в Приморске — AMS Realty,Коттеджные посёлки в Приморске,Коттеджные посёлки в Приморске — актуальные предложения,draft,true,starter-v2.1.0,listing
"{""kind"":""categoryGeo"",""geo"":""primorsk"",""category"":""novostroyki""}",/primorsk/novostroyki/,/primorsk/novostroyki/,geo:primorsk/category:novostroyki,starter coverage /primorsk/novostroyki/,searchDemand,,fallback_no_data,2026-09-24,true,TEST,10,"noindex,follow",categoryGeo,Новостройки в Приморске — AMS Realty,Новостройки в Приморске,Новостройки в Приморске — актуальные предложения,draft,true,starter-v2.1.0,listing
"{""kind"":""categoryGeo"",""geo"":""primorsk"",""category"":""uchastki""}",/primorsk/uchastki/,/primorsk/uchastki/,geo:primorsk/category:uchastki,starter coverage /primorsk/uchastki/,searchDemand,,fallback_no_data,2026-09-24,true,TEST,10,"noindex,follow",categoryGeo,Участки в Приморске — AMS Realty,Участки в Приморске,Участки в Приморске — актуальные предложения,draft,true,starter-v2.1.0,listing
"{""kind"":""categoryRoot"",""category"":""uchastki""}",/uchastki/,/uchastki/,category:uchastki,starter coverage /uchastki/,searchDemand,,fallback_no_data,2026-09-24,true,TEST,10,"noindex,follow",categoryRoot,Участки — AMS Realty,Участки,Участки — актуальные предложения,draft,true,starter-v2.1.0,listing
